{
  "r2_score": 0.8739358585820726,
  "mae": 24452.119298720838,
  "rmse": 40157.03020338038
}