{
  "r2_score": 0.8703911262322875,
  "mae": 24365.262832691988,
  "rmse": 40717.69364954504
}