{
  "r2_score": 0.8675488775810082,
  "mae": 24864.13093489819,
  "rmse": 41161.730378030894
}